GROUP,PACKAGE,CLASS,INSTRUCTION_MISSED,INSTRUCTION_COVERED,BRANCH_MISSED,BRANCH_COVERED,LINE_MISSED,LINE_COVERED,COMPLEXITY_MISSED,COMPLEXITY_COVERED,METHOD_MISSED,METHOD_COVERED
java-governance,com.cosmic.governance.api.service,InfrastructureTelemetryService.MetricValue,6,15,0,0,1,2,1,2,1,2
java-governance,com.cosmic.governance.api.service,TopologyMetricsRegistry.RuntimeProfile,0,12,0,0,0,1,0,1,0,1
java-governance,com.cosmic.governance.api.service,TopologyMetricsService,11,6,0,0,3,3,2,1,2,1
java-governance,com.cosmic.governance.api.service,JobService,874,1855,197,234,198,394,160,120,16,48
java-governance,com.cosmic.governance.api.service,TopologyMetricsRegistry.JobCounts,0,18,0,0,0,1,0,1,0,1
java-governance,com.cosmic.governance.api.service,InfrastructureTelemetryService.ServiceSnapshot,0,6,0,0,0,1,0,1,0,1
java-governance,com.cosmic.governance.api.service,SchemaService.ValidationResult,0,33,0,0,0,4,0,4,0,4
java-governance,com.cosmic.governance.api.service,GovernanceIngestProcessingService,120,234,40,16,21,52,28,7,1,6
java-governance,com.cosmic.governance.api.service,TopologyMetricsRegistry.InfrastructureMetrics,36,99,0,0,1,1,1,1,1,1
java-governance,com.cosmic.governance.api.service,DatasetService,181,228,23,13,36,50,21,6,3,6
java-governance,com.cosmic.governance.api.service,GovernanceObjectStoreService,106,129,6,4,26,30,6,7,1,7
java-governance,com.cosmic.governance.api.service,ArchiveDrService,106,295,18,22,20,76,17,14,1,10
java-governance,com.cosmic.governance.api.service,TopologyMetricsRegistry.LinkTelemetry,27,24,2,0,5,8,6,2,5,2
java-governance,com.cosmic.governance.api.service,VisualizationMetricsService,1075,16,86,0,181,5,47,1,4,1
java-governance,com.cosmic.governance.api.service,JobScenarioService,307,14,6,0,53,4,6,2,3,2
java-governance,com.cosmic.governance.api.service,TopologyMetricsRegistry,275,3515,76,189,53,597,73,119,2,37
java-governance,com.cosmic.governance.api.service,InfrastructureTelemetryService,400,4647,50,40,70,591,33,43,0,31
java-governance,com.cosmic.governance.api.service,JobService.SchedulerSnapshot,0,24,0,0,0,1,0,1,0,1
java-governance,com.cosmic.governance.api.service,AuditService,49,154,8,4,12,42,6,5,0,5
java-governance,com.cosmic.governance.api.service,CommissioningScenarioService,1,128,2,8,0,25,2,9,0,6
java-governance,com.cosmic.governance.api.service,GovernanceIngestProcessingService.ProcessingResult,0,31,0,0,0,3,0,3,0,3
java-governance,com.cosmic.governance.api.service,GovernanceIngestMetricsService,66,302,5,5,13,59,8,11,3,11
java-governance,com.cosmic.governance.api.service,GovernanceRuntimeMetricsService,224,1202,48,68,61,264,47,43,7,25
java-governance,com.cosmic.governance.api.service,TopologyMetricsRegistry.MetricValue,0,21,0,0,0,3,0,3,0,3
java-governance,com.cosmic.governance.api.service,SchemaService,51,197,7,11,11,32,7,5,1,2
java-governance,com.cosmic.governance.api.service,TransientAlertService,69,294,10,8,12,78,9,10,0,10
java-governance,com.cosmic.governance,GovernanceApplication,5,3,0,0,2,1,1,1,1,1
java-governance,com.cosmic.governance.api.config,KafkaConfig,12,79,1,3,4,14,2,7,1,6
java-governance,com.cosmic.governance.api.config,ApiExceptionHandler,0,41,0,2,0,8,0,3,0,2
java-governance,com.cosmic.governance.api.config,RabbitMQConfig,0,105,0,0,0,25,0,16,0,16
java-governance,com.cosmic.governance.api.util,RedisMarshaller,15,29,3,5,4,8,2,4,0,2
java-governance,com.cosmic.governance.api.model,CommissioningScenario,0,18,0,0,0,1,0,1,0,1
java-governance,com.cosmic.governance.api.model,RestoreDrillResult,0,24,0,0,0,1,0,1,0,1
java-governance,com.cosmic.governance.api.model,ReplicationPolicy,0,21,0,0,0,1,0,1,0,1
java-governance,com.cosmic.governance.api.model,AlertSloMetrics,0,24,0,0,0,1,0,1,0,1
java-governance,com.cosmic.governance.api.model,JobRecord,0,109,0,0,0,35,0,22,0,22
java-governance,com.cosmic.governance.api.model,TransientAlert,0,30,0,0,0,1,0,1,0,1
java-governance,com.cosmic.governance.api.model,DatasetRecord,27,39,0,0,7,14,7,7,7,7
java-governance,com.cosmic.governance.api.model,JobState,0,39,0,0,0,7,0,1,0,1
java-governance,com.cosmic.governance.api.model,ExecutionEvent,0,21,0,0,0,1,0,1,0,1
java-governance,com.cosmic.governance.api.dto,CommissioningValidateResult,0,18,0,0,0,1,0,1,0,1
java-governance,com.cosmic.governance.api.dto,DatasetResponse,0,21,0,0,0,1,0,1,0,1
java-governance,com.cosmic.governance.api.dto,JobSubmitResponse,0,15,0,0,0,1,0,1,0,1
java-governance,com.cosmic.governance.api.dto,JobStatusResponse,0,36,0,0,0,1,0,1,0,1
java-governance,com.cosmic.governance.api.dto,AlertIngestRequest,0,24,0,0,0,1,0,1,0,1
java-governance,com.cosmic.governance.api.dto,JobCancelRequest,0,6,0,0,0,1,0,1,0,1
java-governance,com.cosmic.governance.api.dto,JobTransitionRequest,0,9,0,0,0,1,0,1,0,1
java-governance,com.cosmic.governance.api.dto,IngestRequest,15,0,0,0,1,0,1,0,1,0
java-governance,com.cosmic.governance.api.dto,IngestResponse,12,0,0,0,1,0,1,0,1,0
java-governance,com.cosmic.governance.api.dto,JobSubmitRequest,0,21,0,0,0,1,0,1,0,1
java-governance,com.cosmic.governance.api.dto,CancelRequest,16,0,0,0,4,0,4,0,4,0
java-governance,com.cosmic.governance.api.dto,CommissioningValidateRequest,0,9,0,0,0,1,0,1,0,1
java-governance,com.cosmic.governance.api.dto,DatasetRequest,0,18,0,0,0,1,0,1,0,1
java-governance,com.cosmic.governance.api.dto,ErrorResponse,0,12,0,0,0,1,0,1,0,1
java-governance,com.cosmic.governance.api.messaging,RabbitIngestListener,0,60,1,3,0,16,1,4,0,3
java-governance,com.cosmic.governance.api.messaging,PulsarIngestListener,129,70,10,0,40,19,8,5,3,5
java-governance,com.cosmic.governance.api.messaging,KafkaIngestListener,0,60,1,3,0,16,1,4,0,3
java-governance,com.cosmic.governance.api.controller,InfrastructureTelemetryController,0,11,0,0,0,4,0,2,0,2
java-governance,com.cosmic.governance.api.controller,VisualizationController,7,6,0,0,2,3,1,1,1,1
java-governance,com.cosmic.governance.api.controller,AlertController,3,84,0,0,0,28,1,8,1,8
java-governance,com.cosmic.governance.api.controller,GovernanceController,621,671,61,55,126,141,56,36,16,18
java-governance,com.cosmic.governance.api.controller,CommissioningController,0,37,0,4,0,9,0,6,0,4
java-governance,com.cosmic.governance.api.controller,VoController.CacheEntry,16,0,0,0,2,0,2,0,2,0
java-governance,com.cosmic.governance.api.controller,VoController,1037,11,70,0,127,3,43,1,8,1
java-governance,com.cosmic.governance.api.controller,MetricsController,89,6,10,0,15,3,8,1,3,1
java-governance,com.cosmic.governance.config,AuthFilter,45,99,5,11,13,31,5,6,0,3
java-governance,com.cosmic.governance.config,RedisConfig,0,35,0,0,0,10,0,2,0,2
java-governance,com.cosmic.governance.config,RequestIdFilter,3,49,4,4,0,15,3,4,0,3
java-governance,com.cosmic.governance.config,GovernanceHttpMetricsFilter,49,199,21,35,14,53,20,15,0,7
java-governance,com.cosmic.governance.api.executor,SimulatorExecutor,603,431,90,20,110,95,55,14,0,14
java-governance,com.cosmic.governance.api.executor,VoJobExecutor,776,803,107,38,129,173,83,28,8,26
java-governance,com.cosmic.governance.api.executor,TaccExecutorStub,31,435,15,15,7,95,15,14,0,14
